{"matrix": [[1526.3364908255546, 0.0, 1346.401706460988], [0.0, 1527.8003118964136, 704.5659771401863], [0.0, 0.0, 1.0]], "distortion": [[0.14837610114368138, -0.20716530565730285, 0.0023074488933923563, 0.0003049739828905478, 0.06244218444872179]]}